"admm-1","jensen/admm-1.1.element.json"
"admm-2","jensen/admm-2.1.element.json"
"admm-3","jensen/admm-3.1.element.json"
"aug-admm-1","jensen/aug-admm-1.1.element.json"
"aug-admm-2","jensen/aug-admm-2.1.element.json"
"aug-admm-3","jensen/aug-admm-3.1.element.json"
"aug-ccX-5Z","jensen/aug-ccX-5Z.1.element.json"
"aug-ccX-DZ","jensen/aug-ccX-DZ.1.element.json"
"aug-ccX-QZ","jensen/aug-ccX-QZ.1.element.json"
"aug-ccX-TZ","jensen/aug-ccX-TZ.1.element.json"
"aug-pc-0","jensen/bse_v0/aug-pc-0.0.element.json"
"aug-pc-1","jensen/bse_v0/aug-pc-1.0.element.json"
"aug-pc-2","jensen/bse_v0/aug-pc-2.0.element.json"
"aug-pc-3","jensen/bse_v0/aug-pc-3.0.element.json"
"aug-pc-4","jensen/bse_v0/aug-pc-4.0.element.json"
"aug-pcH-1","jensen/aug-pcH-1.1.element.json"
"aug-pcH-2","jensen/aug-pcH-2.1.element.json"
"aug-pcH-3","jensen/aug-pcH-3.1.element.json"
"aug-pcH-4","jensen/aug-pcH-4.1.element.json"
"aug-pcJ-0","jensen/bse_v0/aug-pcJ-0.0.element.json"
"aug-pcJ-0","jensen/aug-pcJ-0.1.element.json"
"aug-pcJ-0_2006","jensen/bse_v0/aug-pcJ-0_2006.0.element.json"
"aug-pcJ-1","jensen/bse_v0/aug-pcJ-1.0.element.json"
"aug-pcJ-1","jensen/aug-pcJ-1.1.element.json"
"aug-pcJ-1_2006","jensen/bse_v0/aug-pcJ-1_2006.0.element.json"
"aug-pcJ-2","jensen/bse_v0/aug-pcJ-2.0.element.json"
"aug-pcJ-2","jensen/aug-pcJ-2.1.element.json"
"aug-pcJ-2_2006","jensen/bse_v0/aug-pcJ-2_2006.0.element.json"
"aug-pcJ-3","jensen/bse_v0/aug-pcJ-3.0.element.json"
"aug-pcJ-3","jensen/aug-pcJ-3.1.element.json"
"aug-pcJ-3_2006","jensen/bse_v0/aug-pcJ-3_2006.0.element.json"
"aug-pcJ-4","jensen/bse_v0/aug-pcJ-4.0.element.json"
"aug-pcJ-4","jensen/aug-pcJ-4.1.element.json"
"aug-pcJ-4_2006","jensen/bse_v0/aug-pcJ-4_2006.0.element.json"
"aug-pcS-0","jensen/bse_v0/aug-pcS-0.0.element.json"
"aug-pcS-1","jensen/bse_v0/aug-pcS-1.0.element.json"
"aug-pcS-2","jensen/bse_v0/aug-pcS-2.0.element.json"
"aug-pcS-3","jensen/bse_v0/aug-pcS-3.0.element.json"
"aug-pcS-4","jensen/bse_v0/aug-pcS-4.0.element.json"
"aug-pcseg-0","jensen/bse_v0/aug-pcseg-0.0.element.json"
"aug-pcseg-0","jensen/aug-pcseg-0.1.element.json"
"aug-pcseg-1","jensen/bse_v0/aug-pcseg-1.0.element.json"
"aug-pcseg-1","jensen/aug-pcseg-1.1.element.json"
"aug-pcseg-2","jensen/bse_v0/aug-pcseg-2.0.element.json"
"aug-pcseg-2","jensen/aug-pcseg-2.1.element.json"
"aug-pcseg-3","jensen/bse_v0/aug-pcseg-3.0.element.json"
"aug-pcseg-3","jensen/aug-pcseg-3.1.element.json"
"aug-pcseg-4","jensen/bse_v0/aug-pcseg-4.0.element.json"
"aug-pcseg-4","jensen/aug-pcseg-4.1.element.json"
"aug-pcSseg-0","jensen/bse_v0/aug-pcSseg-0.0.element.json"
"aug-pcSseg-0","jensen/aug-pcSseg-0.1.element.json"
"aug-pcSseg-1","jensen/bse_v0/aug-pcSseg-1.0.element.json"
"aug-pcSseg-1","jensen/aug-pcSseg-1.1.element.json"
"aug-pcSseg-2","jensen/bse_v0/aug-pcSseg-2.0.element.json"
"aug-pcSseg-2","jensen/aug-pcSseg-2.1.element.json"
"aug-pcSseg-3","jensen/bse_v0/aug-pcSseg-3.0.element.json"
"aug-pcSseg-3","jensen/aug-pcSseg-3.1.element.json"
"aug-pcSseg-4","jensen/bse_v0/aug-pcSseg-4.0.element.json"
"aug-pcSseg-4","jensen/aug-pcSseg-4.1.element.json"
"aug-pcX-1","jensen/aug-pcX-1.1.element.json"
"aug-pcX-2","jensen/aug-pcX-2.1.element.json"
"aug-pcX-3","jensen/aug-pcX-3.1.element.json"
"aug-pcX-4","jensen/aug-pcX-4.1.element.json"
"ccX-5Z","jensen/ccX-5Z.1.element.json"
"ccX-DZ","jensen/ccX-DZ.1.element.json"
"ccX-QZ","jensen/ccX-QZ.1.element.json"
"ccX-TZ","jensen/ccX-TZ.1.element.json"
"pc-0","jensen/bse_v0/pc-0.0.element.json"
"pc-1","jensen/bse_v0/pc-1.0.element.json"
"pc-2","jensen/bse_v0/pc-2.0.element.json"
"pc-3","jensen/bse_v0/pc-3.0.element.json"
"pc-4","jensen/bse_v0/pc-4.0.element.json"
"pcH-1","jensen/pcH-1.1.element.json"
"pcH-2","jensen/pcH-2.1.element.json"
"pcH-3","jensen/pcH-3.1.element.json"
"pcH-4","jensen/pcH-4.1.element.json"
"pcJ-0","jensen/bse_v0/pcJ-0.0.element.json"
"pcJ-0","jensen/pcJ-0.1.element.json"
"pcJ-0_2006","jensen/bse_v0/pcJ-0_2006.0.element.json"
"pcJ-1","jensen/bse_v0/pcJ-1.0.element.json"
"pcJ-1","jensen/pcJ-1.1.element.json"
"pcJ-1_2006","jensen/bse_v0/pcJ-1_2006.0.element.json"
"pcJ-2","jensen/bse_v0/pcJ-2.0.element.json"
"pcJ-2","jensen/pcJ-2.1.element.json"
"pcJ-2_2006","jensen/bse_v0/pcJ-2_2006.0.element.json"
"pcJ-3","jensen/bse_v0/pcJ-3.0.element.json"
"pcJ-3","jensen/pcJ-3.1.element.json"
"pcJ-3_2006","jensen/bse_v0/pcJ-3_2006.0.element.json"
"pcJ-4","jensen/bse_v0/pcJ-4.0.element.json"
"pcJ-4","jensen/pcJ-4.1.element.json"
"pcJ-4_2006","jensen/bse_v0/pcJ-4_2006.0.element.json"
"pcS-0","jensen/bse_v0/pcS-0.0.element.json"
"pcS-1","jensen/bse_v0/pcS-1.0.element.json"
"pcS-2","jensen/bse_v0/pcS-2.0.element.json"
"pcS-3","jensen/bse_v0/pcS-3.0.element.json"
"pcS-4","jensen/bse_v0/pcS-4.0.element.json"
"pcseg-0","jensen/bse_v0/pcseg-0.0.element.json"
"pcseg-0","jensen/pcseg-0.1.element.json"
"pcseg-1","jensen/bse_v0/pcseg-1.0.element.json"
"pcseg-1","jensen/pcseg-1.1.element.json"
"pcseg-2","jensen/bse_v0/pcseg-2.0.element.json"
"pcseg-2","jensen/pcseg-2.1.element.json"
"pcseg-3","jensen/bse_v0/pcseg-3.0.element.json"
"pcseg-3","jensen/pcseg-3.1.element.json"
"pcseg-4","jensen/bse_v0/pcseg-4.0.element.json"
"pcseg-4","jensen/pcseg-4.1.element.json"
"pcSseg-0","jensen/bse_v0/pcSseg-0.0.element.json"
"pcSseg-0","jensen/pcSseg-0.1.element.json"
"pcSseg-1","jensen/bse_v0/pcSseg-1.0.element.json"
"pcSseg-1","jensen/pcSseg-1.1.element.json"
"pcSseg-2","jensen/bse_v0/pcSseg-2.0.element.json"
"pcSseg-2","jensen/pcSseg-2.1.element.json"
"pcSseg-3","jensen/bse_v0/pcSseg-3.0.element.json"
"pcSseg-3","jensen/pcSseg-3.1.element.json"
"pcSseg-4","jensen/bse_v0/pcSseg-4.0.element.json"
"pcSseg-4","jensen/pcSseg-4.1.element.json"
"pcX-1","jensen/pcX-1.1.element.json"
"pcX-2","jensen/pcX-2.1.element.json"
"pcX-3","jensen/pcX-3.1.element.json"
"pcX-4","jensen/pcX-4.1.element.json"
