"ANO-VT-DZ","ano_claudino/ANO-VT-DZ.1.element.json"
"ANO-VT-QZ","ano_claudino/ANO-VT-QZ.1.element.json"
"ANO-VT-QZ","ano_claudino/ANO-VT-QZ.1.element.json"
"ANO-VT-QZ","ano_claudino/ANO-VT-QZ.2.element.json"
"ANO-VT-TZ","ano_claudino/ANO-VT-TZ.1.element.json"
"FANO-5Z","ano_claudino/FANO-5Z.1.element.json"
"FANO-6Z","ano_claudino/FANO-6Z.1.element.json"
"FANO-DZ","ano_claudino/FANO-DZ.1.element.json"
"FANO-QZ","ano_claudino/FANO-QZ.1.element.json"
"FANO-TZ","ano_claudino/FANO-TZ.1.element.json"
