"binning_641+","binning/bse_v0/binning_641+.0.element.json"
"binning_641","binning/bse_v0/binning_641.0.element.json"
"binning_641+_d","binning/bse_v0/binning_641+_d.0.element.json"
"binning_641_d","binning/bse_v0/binning_641_d.0.element.json"
"binning_641+_df","binning/bse_v0/binning_641+_df.0.element.json"
"binning_641_df","binning/bse_v0/binning_641_df.0.element.json"
"binning_962+","binning/bse_v0/binning_962+.0.element.json"
"binning_962","binning/bse_v0/binning_962.0.element.json"
"binning_962+_d","binning/bse_v0/binning_962+_d.0.element.json"
"binning_962_d","binning/bse_v0/binning_962_d.0.element.json"
"binning_962+_df","binning/bse_v0/binning_962+_df.0.element.json"
"binning_962_df","binning/bse_v0/binning_962_df.0.element.json"
