"ATZP-ZORA.1","ATZP-ZORA","jorge/ATZP-ZORA.1.element.json"
"5ZP.0","5ZP","jorge/bse_v0/5ZP.0.element.json"
"5ZP.1","5ZP","jorge/5ZP.1.element.json"
"5ZP-DKH.0","5ZP-DKH","jorge/bse_v0/5ZP-DKH.0.element.json"
"5ZP-DKH.1","5ZP-DKH","jorge/5ZP-DKH.1.element.json"
"6ZP.0","6ZP","jorge/bse_v0/6ZP.0.element.json"
"6ZP.1","6ZP","jorge/6ZP.1.element.json"
"6ZP-DKH.0","6ZP-DKH","jorge/bse_v0/6ZP-DKH.0.element.json"
"6ZP-DKH.1","6ZP-DKH","jorge/6ZP-DKH.1.element.json"
"A5ZP.0","A5ZP","jorge/bse_v0/A5ZP.0.element.json"
"A5ZP.1","A5ZP","jorge/A5ZP.1.element.json"
"ADZP.0","ADZP","jorge/bse_v0/ADZP.0.element.json"
"ADZP.1","ADZP","jorge/ADZP.1.element.json"
"AQZP.0","AQZP","jorge/bse_v0/AQZP.0.element.json"
"AQZP.1","AQZP","jorge/AQZP.1.element.json"
"ATZP.0","ATZP","jorge/bse_v0/ATZP.0.element.json"
"ATZP.1","ATZP","jorge/ATZP.1.element.json"
"DZP.0","DZP","jorge/bse_v0/DZP.0.element.json"
"DZP.1","DZP","jorge/DZP.1.element.json"
"DZP-DKH.0","DZP-DKH","jorge/bse_v0/DZP-DKH.0.element.json"
"DZP-DKH.1","DZP-DKH","jorge/DZP-DKH.1.element.json"
"QZP.0","QZP","jorge/bse_v0/QZP.0.element.json"
"QZP.1","QZP","jorge/QZP.1.element.json"
"QZP-DKH.0","QZP-DKH","jorge/bse_v0/QZP-DKH.0.element.json"
"QZP-DKH.1","QZP-DKH","jorge/QZP-DKH.1.element.json"
"TZP.0","TZP","jorge/bse_v0/TZP.0.element.json"
"TZP.1","TZP","jorge/TZP.1.element.json"
"TZP-DKH.0","TZP-DKH","jorge/bse_v0/TZP-DKH.0.element.json"
"TZP-DKH.1","TZP-DKH","jorge/TZP-DKH.1.element.json"
"TZP-ZORA.1","TZP-ZORA","jorge/TZP-ZORA.1.element.json"
