"2ZaPa-NR","ranasinghe/bse_v0/2ZaPa-NR.0.element.json"
"2ZaPa-NR","ranasinghe/2ZaPa-NR.1.element.json"
"2ZaPa-NR","ranasinghe/bse_v0/2ZaPa-NR.0.element.json"
"2ZaPa-NR-CV","ranasinghe/bse_v0/2ZaPa-NR-CV.0.element.json"
"2ZaPa-NR","ranasinghe/2ZaPa-NR.1.element.json"
"2ZaPa-NR-CV","ranasinghe/2ZaPa-NR-CV.1.element.json"
"3ZaPa-NR","ranasinghe/bse_v0/3ZaPa-NR.0.element.json"
"3ZaPa-NR","ranasinghe/3ZaPa-NR.1.element.json"
"3ZaPa-NR","ranasinghe/bse_v0/3ZaPa-NR.0.element.json"
"3ZaPa-NR-CV","ranasinghe/bse_v0/3ZaPa-NR-CV.0.element.json"
"3ZaPa-NR","ranasinghe/3ZaPa-NR.1.element.json"
"3ZaPa-NR-CV","ranasinghe/3ZaPa-NR-CV.1.element.json"
"4ZaPa-NR","ranasinghe/bse_v0/4ZaPa-NR.0.element.json"
"4ZaPa-NR","ranasinghe/4ZaPa-NR.1.element.json"
"4ZaPa-NR","ranasinghe/bse_v0/4ZaPa-NR.0.element.json"
"4ZaPa-NR-CV","ranasinghe/bse_v0/4ZaPa-NR-CV.0.element.json"
"4ZaPa-NR","ranasinghe/4ZaPa-NR.1.element.json"
"4ZaPa-NR-CV","ranasinghe/4ZaPa-NR-CV.1.element.json"
"5ZaPa-NR","ranasinghe/bse_v0/5ZaPa-NR.0.element.json"
"5ZaPa-NR","ranasinghe/5ZaPa-NR.1.element.json"
"5ZaPa-NR","ranasinghe/bse_v0/5ZaPa-NR.0.element.json"
"5ZaPa-NR-CV","ranasinghe/bse_v0/5ZaPa-NR-CV.0.element.json"
"5ZaPa-NR","ranasinghe/5ZaPa-NR.1.element.json"
"5ZaPa-NR-CV","ranasinghe/5ZaPa-NR-CV.1.element.json"
"6ZaPa-NR","ranasinghe/bse_v0/6ZaPa-NR.0.element.json"
"6ZaPa-NR","ranasinghe/6ZaPa-NR.1.element.json"
"7ZaPa-NR","ranasinghe/bse_v0/7ZaPa-NR.0.element.json"
"7ZaPa-NR","ranasinghe/7ZaPa-NR.1.element.json"
